{
  "total_images": 520,
  "detected": 36,
  "detection_rate": 6.923076923076923,
  "average_ear_area": 980.5,
  "average_ear_percentage": 1.9028120087717595
}